source,word_limit,sampled_documents,retrieval_units,mean_units_per_doc,p95_units_per_doc,max_units_per_doc,whole_document_preserved_pct,unit_words_n,unit_words_mean,unit_words_p50,unit_words_p75,unit_words_p90,unit_words_p95,unit_words_p99,unit_words_max
wikipedia,150,2,6,3.0,4.8,5,50.0,6,125.66666666666667,147.0,147.0,147.0,147.0,147.0,147
wikipedia,180,2,6,3.0,4.8,5,50.0,6,125.66666666666667,173.0,176.75,179.0,179.5,179.9,180
wikipedia,200,2,5,2.5,3.8499999999999996,4,50.0,5,150.2,191.0,196.0,197.2,197.6,197.92,198
wikipedia,220,2,5,2.5,3.8499999999999996,4,50.0,5,150.2,219.0,219.0,219.0,219.0,219.0,219
news,150,2,3,1.5,1.95,2,50.0,3,102.33333333333333,141.0,141.0,141.0,141.0,141.0,141
news,180,2,3,1.5,1.95,2,50.0,3,102.33333333333333,106.0,141.0,162.0,169.0,174.6,176
news,200,2,3,1.5,1.95,2,50.0,3,102.33333333333333,83.0,141.0,175.8,187.39999999999998,196.68,199
news,220,2,3,1.5,1.95,2,50.0,3,102.33333333333333,72.0,141.0,182.4,196.2,207.24,210
legal,150,2,7,3.5,5.75,6,50.0,7,121.14285714285714,141.0,141.0,143.8,145.9,147.57999999999998,148
legal,180,2,6,3.0,4.8,5,50.0,6,140.83333333333334,171.0,177.75,180.0,180.0,180.0,180
legal,200,2,6,3.0,4.8,5,50.0,6,140.83333333333334,187.0,187.0,190.5,192.25,193.65,194
legal,220,2,5,2.5,3.8499999999999996,4,50.0,5,168.4,210.0,210.0,214.2,215.6,216.72,217
